Workbook

Sheet ①物件基本情報
A1: 物件ID | B1: 建築年 | C1: 階数 | D1: 延床面積㎡ | E1: 延床面積坪 | F1: 敷地面積㎡ | G1: 敷地面積坪 | H1: 間口m | I1: 奥行m | J1: 前面道路方向 | K1: 道路幅員m | L1: 敷地形状 | M1: 高低差 | N1: 建物形状 | O1: 駐車台数
A2: D01 | C2: 2階 | E2: =IF(D2="","",D2/3.305785) | G2: =IF(F2="","",F2/3.305785) | K2: 4
A3: D02 | C3: 2階 | E3: =IF(D3="","",D3/3.305785) | G3: =IF(F3="","",F3/3.305785)
A4: D03 | C4: 2階 | E4: =IF(D4="","",D4/3.305785) | G4: =IF(F4="","",F4/3.305785) | H4: 9 | K4: 6
A5: D04 | C5: 2階 | E5: =IF(D5="","",D5/3.305785) | G5: =IF(F5="","",F5/3.305785) | H5: 10.6 | K5: 6
A6: D05 | C6: 2階 | E6: =IF(D6="","",D6/3.305785) | G6: =IF(F6="","",F6/3.305785) | K6: 4.1
A7: D06 | C7: 2階 | E7: =IF(D7="","",D7/3.305785) | G7: =IF(F7="","",F7/3.305785) | H7: 10.7 | I7: 18.6 | K7: 6
A8: D07 | C8: 2階 | E8: =IF(D8="","",D8/3.305785) | G8: =IF(F8="","",F8/3.305785) | I8: 16.6 | K8: 4
A9: D08 | C9: 2階 | E9: =IF(D9="","",D9/3.305785) | G9: =IF(F9="","",F9/3.305785) | I9: 12.1 | K9: 4
A10: D09 | C10: 2階 | E10: =IF(D10="","",D10/3.305785) | G10: =IF(F10="","",F10/3.305785) | K10: 6.1
A11: S01 | C11: 2階 | D11: 115.92 | E11: =IF(D11="","",D11/3.305785) | G11: =IF(F11="","",F11/3.305785) | J11: 南
A12: S02 | C12: 2階 | E12: =IF(D12="","",D12/3.305785) | G12: =IF(F12="","",F12/3.305785) | H12: 10.7 | K12: 6
A13: N01 | C13: 2階 | D13: 120.86 | E13: =IF(D13="","",D13/3.305785) | G13: =IF(F13="","",F13/3.305785)
E14: =IF(D14="","",D14/3.305785) | G14: =IF(F14="","",F14/3.305785)
E15: =IF(D15="","",D15/3.305785) | G15: =IF(F15="","",F15/3.305785)
E16: =IF(D16="","",D16/3.305785) | G16: =IF(F16="","",F16/3.305785)
E17: =IF(D17="","",D17/3.305785) | G17: =IF(F17="","",F17/3.305785)
E18: =IF(D18="","",D18/3.305785) | G18: =IF(F18="","",F18/3.305785)
E19: =IF(D19="","",D19/3.305785) | G19: =IF(F19="","",F19/3.305785)
E20: =IF(D20="","",D20/3.305785) | G20: =IF(F20="","",F20/3.305785)
E21: =IF(D21="","",D21/3.305785) | G21: =IF(F21="","",F21/3.305785)
E22: =IF(D22="","",D22/3.305785) | G22: =IF(F22="","",F22/3.305785)
E23: =IF(D23="","",D23/3.305785) | G23: =IF(F23="","",F23/3.305785)
E24: =IF(D24="","",D24/3.305785) | G24: =IF(F24="","",F24/3.305785)
E25: =IF(D25="","",D25/3.305785) | G25: =IF(F25="","",F25/3.305785)
... E501: =IF(D501="","",D501/3.305785) | G501: =IF(F501="","",F501/3.305785)

Sheet ②家族・要望
A1: 物件ID | B1: 家族人数 | C1: 大人 | D1: 子供 | E1: 子供年齢 | F1: LDK帖 | G1: 主寝室帖 | H1: 子供室数 | I1: 子供室帖 | J1: 和室 | K1: 書斎 | L1: WIC | M1: SIC | N1: パントリー | O1: ランドリー | P1: FCL | Q1: 回遊動線 | R1: リビング階段 | S1: 吹抜け | T1: バルコニー | U1: 1階主寝室 | V1: 将来1階生活

Sheet ③部屋・面積
A1: 物件ID | B1: LDK帖 | C1: キッチン帖 | D1: 主寝室帖 | E1: 子供室1帖 | F1: 子供室2帖 | G1: 子供室3帖 | H1: 和室帖 | I1: 書斎帖 | J1: WIC帖 | K1: SIC帖 | L1: パントリー帖 | M1: 洗面帖 | N1: 脱衣帖 | O1: 浴室 | P1: トイレ1F | Q1: トイレ2F | R1: 廊下面積帖 | S1: 階段面積帖 | T1: 収納合計帖
A2: D01 | B2: 18 | D2: 8.5 | E2: 5.2 | F2: 5.2 | H2: 4.5 | J2: 3 | L2: 1 | P2: 1 | Q2: 1 | T2: =IF(A2="","",SUM(H2:L2))
A3: D02 | B3: 18 | D3: 8 | E3: 5.2 | F3: 5.2 | I3: 3 | J3: 3 | L3: 1 | P3: 1 | Q3: 1 | T3: =IF(A3="","",SUM(H3:L3))
A4: D03 | B4: 17.6 | D4: 7.5 | E4: 6 | F4: 6 | J4: 3 | P4: 1 | Q4: 1 | T4: =IF(A4="","",SUM(H4:L4))
A5: D04 | B5: 17.3 | D5: 7.5 | E5: 6 | F5: 6 | J5: 3 | L5: 2.6 | P5: 1 | Q5: 1 | T5: =IF(A5="","",SUM(H5:L5))
A6: D05 | B6: 17.3 | D6: 7.5 | E6: 6 | F6: 6 | J6: 3 | L6: 2.6 | P6: 1 | Q6: 1 | T6: =IF(A6="","",SUM(H6:L6))
A7: D06 | B7: 18 | D7: 7.5 | E7: 5.3 | F7: 5.3 | J7: 3 | L7: 2 | P7: 1 | Q7: 1 | T7: =IF(A7="","",SUM(H7:L7))
A8: D07 | B8: 18 | D8: 7.5 | E8: 5.3 | F8: 5.3 | J8: 3 | L8: 2 | P8: 1 | Q8: 1 | T8: =IF(A8="","",SUM(H8:L8))
A9: D08 | B9: 18 | D9: 8.5 | E9: 6.5 | F9: 5.2 | J9: 3 | P9: 1 | Q9: 1 | T9: =IF(A9="","",SUM(H9:L9))
A10: D09 | B10: 18 | D10: 8 | E10: 5.2 | F10: 5.2 | T10: =IF(A10="","",SUM(H10:L10))
A11: S01 | B11: 18 | D11: 7 | E11: 4.5 | F11: 4.5 | G11: 4.5 | H11: 4.5 | K11: 2 | L11: 2 | O11: 1.0坪 | P11: 1 | Q11: 1 | T11: =IF(A11="","",SUM(H11:L11))
A12: S02 | B12: 20 | D12: 7.5 | E12: 6.5 | F12: 6.5 | I12: 3 | J12: 4 | L12: 4 | M12: 1.5 | N12: 3.5 | O12: 1.25坪 | T12: =IF(A12="","",SUM(H12:L12))
A13: N01 | B13: 18 | D13: 9 | E13: 5.77 | F13: 5.23 | H13: 4.5 | P13: 1 | Q13: 1 | T13: =IF(A13="","",SUM(H13:L13))
T14: =IF(A14="","",SUM(H14:L14))
T15: =IF(A15="","",SUM(H15:L15))
T16: =IF(A16="","",SUM(H16:L16))
T17: =IF(A17="","",SUM(H17:L17))
T18: =IF(A18="","",SUM(H18:L18))
T19: =IF(A19="","",SUM(H19:L19))
T20: =IF(A20="","",SUM(H20:L20))
T21: =IF(A21="","",SUM(H21:L21))
T22: =IF(A22="","",SUM(H22:L22))
T23: =IF(A23="","",SUM(H23:L23))
T24: =IF(A24="","",SUM(H24:L24))
T25: =IF(A25="","",SUM(H25:L25))
... T501: =IF(A501="","",SUM(H501:L501))

Sheet ④動線・採光
A1: 物件ID | B1: 玄関→LDK | C1: 玄関→洗面 | D1: LDK→洗面 | E1: LDK→庭 | F1: キッチン→洗面 | G1: キッチン→パントリー | H1: 洗濯→物干し | I1: 回遊動線 | J1: LDK方位 | K1: 主寝室方位 | L1: 子供室1方位 | M1: 子供室2方位 | N1: 南側隣地 | O1: 東側隣地 | P1: 西側隣地 | Q1: 北側隣地 | R1: LDK南面開口 | S1: 採光評価

Sheet ⑤構造・評価
A1: 物件ID | B1: 工法 | C1: モジュールmm | D1: 耐力壁 | E1: 最大スパンm | F1: 梁成mm | G1: 吹抜け位置 | H1: 耐力壁バランス | I1: 構造評価 | J1: プラン評価 | K1: 動線評価 | L1: 採光評価 | M1: 収納評価 | N1: コスト評価 | O1: 総合評価 | P1: 契約 | Q1: 建物価格万円 | R1: 坪単価万円 | S1: オプション万円 | T1: AIコメント
A2: S01 | B2: 木造軸組 | O2: =IF(A2="","",ROUND(AVERAGE(I2:N2),0)) | R2: =IFERROR(Q2/VLOOKUP(A2,'①物件基本情報'!$A:$E,5,FALSE),"")
A3: N01 | O3: =IF(A3="","",ROUND(AVERAGE(I3:N3),0)) | Q3: 1200.06 | R3: =IFERROR(Q3/VLOOKUP(A3,'①物件基本情報'!$A:$E,5,FALSE),"")
O4: =IF(A4="","",ROUND(AVERAGE(I4:N4),0)) | R4: =IFERROR(Q4/VLOOKUP(A4,'①物件基本情報'!$A:$E,5,FALSE),"")
O5: =IF(A5="","",ROUND(AVERAGE(I5:N5),0)) | R5: =IFERROR(Q5/VLOOKUP(A5,'①物件基本情報'!$A:$E,5,FALSE),"")
O6: =IF(A6="","",ROUND(AVERAGE(I6:N6),0)) | R6: =IFERROR(Q6/VLOOKUP(A6,'①物件基本情報'!$A:$E,5,FALSE),"")
O7: =IF(A7="","",ROUND(AVERAGE(I7:N7),0)) | R7: =IFERROR(Q7/VLOOKUP(A7,'①物件基本情報'!$A:$E,5,FALSE),"")
O8: =IF(A8="","",ROUND(AVERAGE(I8:N8),0)) | R8: =IFERROR(Q8/VLOOKUP(A8,'①物件基本情報'!$A:$E,5,FALSE),"")
O9: =IF(A9="","",ROUND(AVERAGE(I9:N9),0)) | R9: =IFERROR(Q9/VLOOKUP(A9,'①物件基本情報'!$A:$E,5,FALSE),"")
O10: =IF(A10="","",ROUND(AVERAGE(I10:N10),0)) | R10: =IFERROR(Q10/VLOOKUP(A10,'①物件基本情報'!$A:$E,5,FALSE),"")
O11: =IF(A11="","",ROUND(AVERAGE(I11:N11),0)) | R11: =IFERROR(Q11/VLOOKUP(A11,'①物件基本情報'!$A:$E,5,FALSE),"")
O12: =IF(A12="","",ROUND(AVERAGE(I12:N12),0)) | R12: =IFERROR(Q12/VLOOKUP(A12,'①物件基本情報'!$A:$E,5,FALSE),"")
O13: =IF(A13="","",ROUND(AVERAGE(I13:N13),0)) | R13: =IFERROR(Q13/VLOOKUP(A13,'①物件基本情報'!$A:$E,5,FALSE),"")
O14: =IF(A14="","",ROUND(AVERAGE(I14:N14),0)) | R14: =IFERROR(Q14/VLOOKUP(A14,'①物件基本情報'!$A:$E,5,FALSE),"")
O15: =IF(A15="","",ROUND(AVERAGE(I15:N15),0)) | R15: =IFERROR(Q15/VLOOKUP(A15,'①物件基本情報'!$A:$E,5,FALSE),"")
... O501: =IF(A501="","",ROUND(AVERAGE(I501:N501),0)) | R501: =IFERROR(Q501/VLOOKUP(A501,'①物件基本情報'!$A:$E,5,FALSE),"")

Sheet ⑥図面ファイル
A1: 物件ID | B1: 平面図PDF | C1: JWW | D1: DXF | E1: IFC | F1: 外観画像 | G1: 3Dデータ | H1: 備考
A2: D01 | H2: 出典: daimaru-fudosan.com 分譲住宅 販売図面(他社物件)
A3: D02 | H3: 出典: daimaru-fudosan.com 分譲住宅 販売図面(他社物件)
A4: D03 | H4: 出典: daimaru-fudosan.com 分譲住宅 販売図面(他社物件)
A5: D04 | H5: 出典: daimaru-fudosan.com 分譲住宅 販売図面(他社物件)
A6: D05 | H6: 出典: daimaru-fudosan.com 分譲住宅 販売図面(他社物件)
A7: D06 | H7: 出典: daimaru-fudosan.com 分譲住宅 販売図面(他社物件)
A8: D07 | H8: 出典: daimaru-fudosan.com 分譲住宅 販売図面(他社物件)
A9: D08 | H9: 出典: daimaru-fudosan.com 分譲住宅 販売図面(他社物件)
A10: D09 | H10: 出典: daimaru-fudosan.com 分譲住宅 販売図面(他社物件)
A11: S01 | H11: 出典: 出所不明の規格プラン資料(他社の可能性あり・要確認)
A12: S02 | H12: 出典: 出所不明の規格プラン資料(他社の可能性あり・要確認)
A13: N01 | H13: 材料費値上げ見込み 8%(建物本体 12,960,689円・外構 1,050,351円・坪単価 35.4万円 相当)。登録している建物価格は上昇前の金額。

Sheet 使い方
A1: 住宅プランAI_DATABASE.xlsx | B1: 過去の住宅プランをAIが検索・分析・生成に利用するための入力テンプレート
A2: 基本 | B2: 1物件＝1つの物件ID。P0001、P0002…のように統一してください。
A3: 入力順 | B3: ①物件基本情報 → ②家族・要望 → ③部屋・面積 → ④動線・採光 → ⑤構造・評価 → ⑥図面ファイル
A4: 自動計算 | B4: ①延床坪・敷地坪、③収納合計帖、⑤総合評価・坪単価を自動計算します。
A5: 個人情報 | B5: 顧客名、住所、電話番号などは入力しないでください。
A6: 図面 | B6: ファイル名をP0001_plan.pdf、P0001.ifcのように物件IDと揃えると連携しやすくなります。
A7: 開始推奨 | B7: まず10～20件を入力してルールを確認し、その後100～500件へ拡張してください。
A8: 次段階 | B8: このExcelをAI検索用データベースに変換し、敷地条件から類似プラン3案を自動提案する仕組みに発展できます。
